product_name,product_price,product_quantity,date_updated
Bagel - Whole White Sesame,$4.30,97,11/1/2018
Sauce - Caesar Dressing,$8.05,81,12/28/2018
Shiratamako - Rice Flour,$7.99,71,3/7/2018
Tart - Raisin And Pecan,$1.06,86,1/18/2019
Radish,$2.47,22,11/6/2018
Juice - V8 Splash,$1.25,67,1/10/2018
Red Currants,$6.77,49,10/1/2018
Soup - Base Broth Beef,$5.44,62,3/9/2019
Tomatoes Tear Drop Yellow,$0.64,73,2/9/2019
Mussels - Cultivated,$9.34,24,7/31/2018
"Bread - Crumbs, Bulk",$4.49,88,1/12/2019
"Beans - Long, Chinese",$4.73,47,9/22/2018
"Beans - Navy, Dry",$4.60,44,1/20/2018
"Basil - Dry, Rubbed",$8.69,21,2/4/2018
Apple - Granny Smith,$5.06,72,1/12/2018
"Lid - High Heat, Super Clear",$1.23,5,2/9/2018
Oranges - Navel,$4.78,46,6/6/2018
Berry Brulee,$7.59,50,8/25/2018
Lobster - Canned Premium,$7.61,57,4/15/2018
Ham - Procutinni,$5.70,8,1/9/2019
Veal - Ground,$7.67,5,12/19/2018
Oil - Cooking Spray,$4.20,6,6/11/2018
"Extract - Vanilla,artificial",$2.91,20,6/8/2018
"Mushroom - Porcini, Dry",$8.14,71,7/26/2018
Wine - Chateau Bonnet,$7.41,54,3/10/2018
Wineddddd - Chateau Bonnet,$744444.41,54,30/10/2018
 Radish,$51.57,23,2019-05-30 13:29:24.813034
Abraham,$50.00,1,2019-05-30 13:42:58.030388
Yeransian,$50.00,1,2019-05-30 13:44:47.239589
TEAMTREEHOUSE-ROCKS,$.50,50,2019-05-30 13:45:12.815615
